{
    "Items": [
        {
            "cubeName": "Umbrella Object",
            "position": {
                "x": 0.0,
                "y": 0.3700000047683716,
                "z": 0.329800009727478
            }
        },
        {
            "cubeName": "Phone Object",
            "position": {
                "x": 0.30000001192092898,
                "y": 0.20000000298023225,
                "z": 0.32429999113082888
            }
        }
    ]
}