{"Items":[{"cubeName":"Umbrella Object","position":{"x":0.18850000202655793,"y":0.0,"z":0.6570000052452087}},{"cubeName":"Phone Object","position":{"x":0.0,"y":0.20000000298023225,"z":0.32429999113082888}}]}