{
    "Items": [
        {
            "cubeName": "Umbrella Object",
            "position": {
                "x": 0.14800000190734864,
                "y": -0.07999999821186066,
                "z": 0.329800009727478
            }
        },
        {
            "cubeName": "Phone Object",
            "position": {
                "x": 0.16099999845027924,
                "y": 0.20000000298023225,
                "z": 0.3580000102519989
            }
        }
    ]
}